"ID","Kingdom","Phylum","Class","Order","Family","Genus","Species","identified"
"X_0001","Bacteria","Proteobacteria","Gammaproteobacteria","Enterobacterales","Yersiniaceae","Yersinia","unidentified","Yersinia"
"X_0002","Bacteria","Proteobacteria","Gammaproteobacteria","Aeromonadales","Aeromonadaceae","Aeromonas","unidentified","Aeromonas"
"X_0003","Bacteria","Bacteroidota","Bacteroidia","Chitinophagales","Chitinophagaceae","unidentified","unidentified","Chitinophagaceae"
"X_0004","Bacteria","Firmicutes","Clostridia","Peptostreptococcales-Tissierellales","Peptostreptococcaceae","Clostridioides","mangenotii","mangenotii"
"X_0005","Bacteria","Proteobacteria","Gammaproteobacteria","Xanthomonadales","Xanthomonadaceae","Stenotrophomonas","unidentified","Stenotrophomonas"
"X_0006","Bacteria","Proteobacteria","Gammaproteobacteria","Pseudomonadales","Pseudomonadaceae","Pseudomonas","unidentified","Pseudomonas"
"X_0007","Bacteria","Proteobacteria","Gammaproteobacteria","Burkholderiales","Burkholderiaceae","Pandoraea","unidentified","Pandoraea"
"X_0008","Bacteria","Proteobacteria","Gammaproteobacteria","Burkholderiales","Burkholderiaceae","Burkholderia-Caballeronia-Paraburkholderia","unidentified","Burkholderia-Caballeronia-Paraburkholderia"
"X_0009","Bacteria","Proteobacteria","Gammaproteobacteria","Enterobacterales","Yersiniaceae","Serratia","unidentified","Serratia"
"X_0010","Bacteria","Proteobacteria","Gammaproteobacteria","Enterobacterales","unidentified","unidentified","unidentified","Enterobacterales"
"X_0011","Bacteria","Firmicutes","Bacilli","Lactobacillales","Streptococcaceae","Lactococcus","unidentified","Lactococcus"
"X_0012","Bacteria","Proteobacteria","Gammaproteobacteria","Burkholderiales","Chromobacteriaceae","Chromobacterium","unidentified","Chromobacterium"
"X_0013","Bacteria","Proteobacteria","Gammaproteobacteria","Burkholderiales","Burkholderiaceae","Burkholderia-Caballeronia-Paraburkholderia","unidentified","Burkholderia-Caballeronia-Paraburkholderia"
"X_0014","Bacteria","Proteobacteria","Gammaproteobacteria","Enterobacterales","Enterobacteriaceae","Mangrovibacter","unidentified","Mangrovibacter"
"X_0015","Bacteria","Firmicutes","Clostridia","Lachnospirales","Lachnospiraceae","Lachnoclostridium","unidentified","Lachnoclostridium"
"X_0016","Bacteria","Acidobacteriota","Acidobacteriae","Acidobacteriales","Acidobacteriaceae (Subgroup 1)","unidentified","unidentified","Acidobacteriaceae (Subgroup 1)"
"X_0017","Bacteria","Proteobacteria","Gammaproteobacteria","Enterobacterales","Enterobacteriaceae","Cedecea","unidentified","Cedecea"
"X_0018","Bacteria","Proteobacteria","Gammaproteobacteria","Burkholderiales","Alcaligenaceae","Achromobacter","unidentified","Achromobacter"
"X_0019","Bacteria","Proteobacteria","Gammaproteobacteria","Pseudomonadales","Pseudomonadaceae","Pseudomonas","unidentified","Pseudomonas"
"X_0020","Bacteria","Acidobacteriota","Acidobacteriae","Acidobacteriales","Acidobacteriaceae (Subgroup 1)","unidentified","unidentified","Acidobacteriaceae (Subgroup 1)"
"X_0021","Bacteria","Proteobacteria","Gammaproteobacteria","Enterobacterales","Enterobacteriaceae","Mangrovibacter","unidentified","Mangrovibacter"
"X_0022","Bacteria","Proteobacteria","Alphaproteobacteria","Sphingomonadales","Sphingomonadaceae","Novosphingobium","unidentified","Novosphingobium"
"X_0023","Bacteria","Bacteroidota","Bacteroidia","Flavobacteriales","Weeksellaceae","Chryseobacterium","taihuense","taihuense"
"X_0024","Bacteria","Proteobacteria","Gammaproteobacteria","Burkholderiales","Oxalobacteraceae","Herbaspirillum","unidentified","Herbaspirillum"
"X_0025","Bacteria","Proteobacteria","Gammaproteobacteria","Burkholderiales","Burkholderiaceae","Cupriavidus","unidentified","Cupriavidus"
"X_0026","Bacteria","Proteobacteria","Gammaproteobacteria","Enterobacterales","Enterobacteriaceae","Klebsiella","unidentified","Klebsiella"
"X_0027","Bacteria","Proteobacteria","Gammaproteobacteria","Burkholderiales","Burkholderiaceae","Burkholderia-Caballeronia-Paraburkholderia","unidentified","Burkholderia-Caballeronia-Paraburkholderia"
"X_0028","Bacteria","Proteobacteria","Gammaproteobacteria","Burkholderiales","Chromobacteriaceae","Chromobacterium","unidentified","Chromobacterium"
"X_0029","Bacteria","Proteobacteria","Gammaproteobacteria","Burkholderiales","Comamonadaceae","unidentified","unidentified","Comamonadaceae"
"X_0030","Bacteria","Bacteroidota","Bacteroidia","Bacteroidales","Dysgonomonadaceae","Dysgonomonas","unidentified","Dysgonomonas"
"X_0031","Bacteria","Firmicutes","Bacilli","Lactobacillales","Streptococcaceae","Lactococcus","unidentified","Lactococcus"
"X_0032","Bacteria","Firmicutes","Negativicutes","Veillonellales-Selenomonadales","Selenomonadaceae","Propionispira","unidentified","Propionispira"
"X_0033","Bacteria","Proteobacteria","Gammaproteobacteria","Pseudomonadales","Pseudomonadaceae","Pseudomonas","unidentified","Pseudomonas"
"X_0034","Bacteria","Proteobacteria","Gammaproteobacteria","Pseudomonadales","Pseudomonadaceae","Pseudomonas","unidentified","Pseudomonas"
"X_0035","Bacteria","Proteobacteria","Alphaproteobacteria","Rhodospirillales","Magnetospirillaceae","unidentified","unidentified","Magnetospirillaceae"
"X_0036","Bacteria","Firmicutes","Bacilli","Lactobacillales","Streptococcaceae","Lactococcus","unidentified","Lactococcus"
"X_0037","Bacteria","Proteobacteria","Gammaproteobacteria","Enterobacterales","Enterobacteriaceae","Pseudocitrobacter","unidentified","Pseudocitrobacter"
"X_0038","Bacteria","Proteobacteria","Gammaproteobacteria","Enterobacterales","Enterobacteriaceae","Salmonella","unidentified","Salmonella"
"X_0039","Bacteria","Proteobacteria","Gammaproteobacteria","Enterobacterales","Enterobacteriaceae","Klebsiella","unidentified","Klebsiella"
"X_0040","Bacteria","Proteobacteria","Gammaproteobacteria","Enterobacterales","Enterobacteriaceae","unidentified","unidentified","Enterobacteriaceae"
"X_0041","Bacteria","Proteobacteria","Gammaproteobacteria","Pseudomonadales","Pseudomonadaceae","Pseudomonas","unidentified","Pseudomonas"
"X_0042","Bacteria","Proteobacteria","Alphaproteobacteria","Acetobacterales","Acetobacteraceae","unidentified","unidentified","Acetobacteraceae"
"X_0043","Bacteria","Proteobacteria","Gammaproteobacteria","Xanthomonadales","Rhodanobacteraceae","Luteibacter","unidentified","Luteibacter"
"X_0044","Bacteria","Acidobacteriota","Acidobacteriae","Acidobacteriales","Acidobacteriaceae (Subgroup 1)","unidentified","unidentified","Acidobacteriaceae (Subgroup 1)"
"X_0045","Bacteria","Bacteroidota","Bacteroidia","Sphingobacteriales","Sphingobacteriaceae","Mucilaginibacter","jinjuensis","jinjuensis"
"X_0046","Bacteria","Firmicutes","Clostridia","Clostridiales","Clostridiaceae","Clostridium sensu stricto 11","unidentified","Clostridium sensu stricto 11"
"X_0047","Bacteria","Proteobacteria","Gammaproteobacteria","Burkholderiales","Oxalobacteraceae","Herbaspirillum","unidentified","Herbaspirillum"
"X_0048","Bacteria","Proteobacteria","Gammaproteobacteria","Burkholderiales","Chromobacteriaceae","Pseudogulbenkiania","unidentified","Pseudogulbenkiania"
"X_0049","Bacteria","Proteobacteria","Alphaproteobacteria","Rhodospirillales","Magnetospirillaceae","Telmatospirillum","unidentified","Telmatospirillum"
"X_0050","Bacteria","Proteobacteria","Gammaproteobacteria","Pseudomonadales","Pseudomonadaceae","Pseudomonas","unidentified","Pseudomonas"
"X_0051","Bacteria","Firmicutes","Clostridia","Lachnospirales","Lachnospiraceae","unidentified","unidentified","Lachnospiraceae"
"X_0052","Bacteria","Proteobacteria","Alphaproteobacteria","Azospirillales","Azospirillaceae","Nitrospirillum","unidentified","Nitrospirillum"
"X_0053","Bacteria","Proteobacteria","Gammaproteobacteria","Burkholderiales","Burkholderiaceae","Burkholderia-Caballeronia-Paraburkholderia","unidentified","Burkholderia-Caballeronia-Paraburkholderia"
"X_0054","Bacteria","Bacteroidota","Bacteroidia","Bacteroidales","Bacteroidaceae","Bacteroides","unidentified","Bacteroides"
"X_0055","Bacteria","Acidobacteriota","Acidobacteriae","Acidobacteriales","Acidobacteriaceae (Subgroup 1)","Terriglobus","roseus","roseus"
"X_0056","Bacteria","Proteobacteria","Gammaproteobacteria","Pseudomonadales","Pseudomonadaceae","Pseudomonas","unidentified","Pseudomonas"
"X_0057","Bacteria","Proteobacteria","Gammaproteobacteria","Xanthomonadales","Rhodanobacteraceae","Dyella","unidentified","Dyella"
"X_0058","Bacteria","Proteobacteria","Alphaproteobacteria","Rhodospirillales","Magnetospirillaceae","unidentified","unidentified","Magnetospirillaceae"
"X_0059","Bacteria","Proteobacteria","Gammaproteobacteria","Burkholderiales","Burkholderiaceae","Burkholderia-Caballeronia-Paraburkholderia","unidentified","Burkholderia-Caballeronia-Paraburkholderia"
"X_0060","Bacteria","Bacteroidota","Bacteroidia","Sphingobacteriales","Sphingobacteriaceae","Mucilaginibacter","oryzae","oryzae"
"X_0061","Bacteria","Firmicutes","Clostridia","Oscillospirales","Ethanoligenenaceae","Incertae Sedis","unidentified","Incertae Sedis"
"X_0062","Bacteria","Bacteroidota","Bacteroidia","Sphingobacteriales","Sphingobacteriaceae","Mucilaginibacter","unidentified","Mucilaginibacter"
"X_0063","Bacteria","Proteobacteria","Alphaproteobacteria","Sphingomonadales","Sphingomonadaceae","Novosphingobium","rosa","rosa"
"X_0064","Bacteria","Bacteroidota","Bacteroidia","Sphingobacteriales","Sphingobacteriaceae","Pedobacter","unidentified","Pedobacter"
"X_0065","Bacteria","Bacteroidota","Bacteroidia","Sphingobacteriales","Sphingobacteriaceae","Mucilaginibacter","unidentified","Mucilaginibacter"
"X_0066","Bacteria","Proteobacteria","Gammaproteobacteria","Burkholderiales","Comamonadaceae","Comamonas","unidentified","Comamonas"
"X_0067","Bacteria","Proteobacteria","Gammaproteobacteria","Burkholderiales","Burkholderiaceae","Pandoraea","unidentified","Pandoraea"
"X_0068","Bacteria","Proteobacteria","Gammaproteobacteria","Burkholderiales","Chitinibacteraceae","Silvimonas","unidentified","Silvimonas"
"X_0069","Bacteria","Proteobacteria","Gammaproteobacteria","Enterobacterales","Enterobacteriaceae","Citrobacter","unidentified","Citrobacter"
"X_0070","Bacteria","Proteobacteria","Gammaproteobacteria","Enterobacterales","Enterobacteriaceae","Kosakonia","unidentified","Kosakonia"
"X_0071","Bacteria","Bacteroidota","Bacteroidia","Sphingobacteriales","Sphingobacteriaceae","Mucilaginibacter","unidentified","Mucilaginibacter"
"X_0072","Bacteria","Proteobacteria","Gammaproteobacteria","Xanthomonadales","Xanthomonadaceae","Stenotrophomonas","unidentified","Stenotrophomonas"
"X_0073","Bacteria","Proteobacteria","Gammaproteobacteria","Xanthomonadales","Rhodanobacteraceae","Dyella","unidentified","Dyella"
"X_0074","Bacteria","Proteobacteria","Gammaproteobacteria","Aeromonadales","Aeromonadaceae","Aeromonas","unidentified","Aeromonas"
"X_0075","Bacteria","Firmicutes","Bacilli","Paenibacillales","Paenibacillaceae","Paenibacillus","unidentified","Paenibacillus"
"X_0076","Bacteria","Proteobacteria","Gammaproteobacteria","Burkholderiales","Chromobacteriaceae","Chromobacterium","unidentified","Chromobacterium"
"X_0077","Bacteria","Proteobacteria","Gammaproteobacteria","Burkholderiales","Burkholderiaceae","Burkholderia-Caballeronia-Paraburkholderia","unidentified","Burkholderia-Caballeronia-Paraburkholderia"
"X_0078","Bacteria","Proteobacteria","Alphaproteobacteria","Micropepsales","Micropepsaceae","Rhizomicrobium","unidentified","Rhizomicrobium"
"X_0079","Bacteria","Proteobacteria","Alphaproteobacteria","Sphingomonadales","Sphingomonadaceae","Sphingomonas","unidentified","Sphingomonas"
"X_0080","Bacteria","Bacteroidota","Bacteroidia","Sphingobacteriales","Sphingobacteriaceae","Mucilaginibacter","unidentified","Mucilaginibacter"
"X_0081","Bacteria","Bacteroidota","Bacteroidia","Sphingobacteriales","Sphingobacteriaceae","Mucilaginibacter","unidentified","Mucilaginibacter"
"X_0082","Bacteria","Proteobacteria","Gammaproteobacteria","Burkholderiales","Oxalobacteraceae","Oxalicibacterium","unidentified","Oxalicibacterium"
"X_0083","Bacteria","Proteobacteria","Gammaproteobacteria","Aeromonadales","Aeromonadaceae","Tolumonas","unidentified","Tolumonas"
"X_0084","Bacteria","Firmicutes","Negativicutes","Veillonellales-Selenomonadales","Sporomusaceae","Pelosinus","unidentified","Pelosinus"
"X_0085","Bacteria","Bacteroidota","Bacteroidia","Sphingobacteriales","Sphingobacteriaceae","Mucilaginibacter","mallensis","mallensis"
"X_0086","Bacteria","Firmicutes","Bacilli","Paenibacillales","Paenibacillaceae","Paenibacillus","unidentified","Paenibacillus"
"X_0087","Bacteria","Proteobacteria","Alphaproteobacteria","Rhodospirillales","Magnetospirillaceae","Telmatospirillum","siberiense","siberiense"
"X_0088","Bacteria","Proteobacteria","Gammaproteobacteria","Burkholderiales","Oxalobacteraceae","Massilia","unidentified","Massilia"
"X_0089","Bacteria","Proteobacteria","Gammaproteobacteria","Aeromonadales","Aeromonadaceae","Aeromonas","unidentified","Aeromonas"
"X_0090","Bacteria","Proteobacteria","Alphaproteobacteria","Sphingomonadales","Sphingomonadaceae","Novosphingobium","unidentified","Novosphingobium"
"X_0091","Bacteria","Bacteroidota","Bacteroidia","Sphingobacteriales","Sphingobacteriaceae","Pedobacter","unidentified","Pedobacter"
"X_0092","Bacteria","Bacteroidota","Bacteroidia","Flavobacteriales","Weeksellaceae","Chryseobacterium","unidentified","Chryseobacterium"
"X_0093","Bacteria","Proteobacteria","Gammaproteobacteria","Burkholderiales","Alcaligenaceae","Achromobacter","unidentified","Achromobacter"
"X_0094","Bacteria","Proteobacteria","Gammaproteobacteria","Burkholderiales","Burkholderiaceae","Burkholderia-Caballeronia-Paraburkholderia","unidentified","Burkholderia-Caballeronia-Paraburkholderia"
"X_0095","Bacteria","Bacteroidota","Bacteroidia","Sphingobacteriales","Sphingobacteriaceae","Mucilaginibacter","oryzae","oryzae"
"X_0096","Bacteria","Proteobacteria","Gammaproteobacteria","Pseudomonadales","Pseudomonadaceae","Pseudomonas","unidentified","Pseudomonas"
"X_0097","Bacteria","Firmicutes","Bacilli","Bacillales","Planococcaceae","Lysinibacillus","unidentified","Lysinibacillus"
"X_0098","Bacteria","Proteobacteria","Gammaproteobacteria","Burkholderiales","Oxalobacteraceae","Duganella","unidentified","Duganella"
"X_0099","Bacteria","Proteobacteria","Gammaproteobacteria","Pseudomonadales","Pseudomonadaceae","Pseudomonas","unidentified","Pseudomonas"
"X_0100","Bacteria","Proteobacteria","Gammaproteobacteria","Aeromonadales","Aeromonadaceae","Tolumonas","unidentified","Tolumonas"
"X_0101","Bacteria","Firmicutes","Bacilli","Bacillales","Bacillaceae","Bacillus","unidentified","Bacillus"
"X_0102","Bacteria","Proteobacteria","Gammaproteobacteria","Burkholderiales","Oxalobacteraceae","Oxalicibacterium","unidentified","Oxalicibacterium"
"X_0103","Bacteria","Proteobacteria","Alphaproteobacteria","Rhodospirillales","Magnetospirillaceae","unidentified","unidentified","Magnetospirillaceae"
"X_0104","Bacteria","Firmicutes","Negativicutes","Veillonellales-Selenomonadales","Sporomusaceae","unidentified","unidentified","Sporomusaceae"
"X_0105","Bacteria","Proteobacteria","Alphaproteobacteria","Rhodospirillales","Magnetospirillaceae","unidentified","unidentified","Magnetospirillaceae"
"X_0106","Bacteria","Proteobacteria","Gammaproteobacteria","Burkholderiales","Burkholderiaceae","Burkholderia-Caballeronia-Paraburkholderia","unidentified","Burkholderia-Caballeronia-Paraburkholderia"
"X_0107","Bacteria","Proteobacteria","Gammaproteobacteria","Burkholderiales","Comamonadaceae","Curvibacter","unidentified","Curvibacter"
"X_0108","Bacteria","Proteobacteria","Alphaproteobacteria","Caulobacterales","Caulobacteraceae","Caulobacter","unidentified","Caulobacter"
"X_0109","Bacteria","Bacteroidota","Bacteroidia","Bacteroidales","Williamwhitmaniaceae","Acetobacteroides","unidentified","Acetobacteroides"
"X_0110","Bacteria","Acidobacteriota","Acidobacteriae","Acidobacteriales","Acidobacteriaceae (Subgroup 1)","unidentified","unidentified","Acidobacteriaceae (Subgroup 1)"
"X_0111","Bacteria","Bacteroidota","Bacteroidia","Bacteroidales","Paludibacteraceae","Paludibacter","unidentified","Paludibacter"
"X_0112","Bacteria","Firmicutes","Bacilli","Paenibacillales","Paenibacillaceae","Paenibacillus","unidentified","Paenibacillus"
"X_0113","Bacteria","Acidobacteriota","Acidobacteriae","Acidobacteriales","Acidobacteriaceae (Subgroup 1)","Granulicella","unidentified","Granulicella"
"X_0114","Bacteria","Proteobacteria","Gammaproteobacteria","Burkholderiales","Burkholderiaceae","Burkholderia-Caballeronia-Paraburkholderia","unidentified","Burkholderia-Caballeronia-Paraburkholderia"
"X_0115","Bacteria","Proteobacteria","Gammaproteobacteria","Burkholderiales","Burkholderiaceae","Burkholderia-Caballeronia-Paraburkholderia","unidentified","Burkholderia-Caballeronia-Paraburkholderia"
"X_0116","Bacteria","Bacteroidota","Bacteroidia","Chitinophagales","Chitinophagaceae","Pseudoflavitalea","unidentified","Pseudoflavitalea"
"X_0117","Bacteria","Firmicutes","Bacilli","Lactobacillales","Streptococcaceae","Lactococcus","unidentified","Lactococcus"
"X_0118","Bacteria","Firmicutes","Bacilli","Paenibacillales","Paenibacillaceae","Paenibacillus","unidentified","Paenibacillus"
"X_0119","Bacteria","Firmicutes","Negativicutes","Veillonellales-Selenomonadales","Sporomusaceae","Pelosinus","unidentified","Pelosinus"
"X_0120","Bacteria","Firmicutes","Clostridia","Oscillospirales","Ethanoligenenaceae","Incertae Sedis","unidentified","Incertae Sedis"
"X_0121","Bacteria","Proteobacteria","Alphaproteobacteria","Micropepsales","Micropepsaceae","Rhizomicrobium","unidentified","Rhizomicrobium"
"X_0122","Bacteria","Firmicutes","Clostridia","Peptostreptococcales-Tissierellales","Peptostreptococcaceae","Paraclostridium","unidentified","Paraclostridium"
"X_0123","Bacteria","Bacteroidota","Bacteroidia","Flavobacteriales","Weeksellaceae","Chryseobacterium","unidentified","Chryseobacterium"
"X_0124","Bacteria","Bacteroidota","Bacteroidia","Sphingobacteriales","Sphingobacteriaceae","Mucilaginibacter","unidentified","Mucilaginibacter"
"X_0125","Bacteria","Bacteroidota","Bacteroidia","Bacteroidales","Paludibacteraceae","Paludibacter","unidentified","Paludibacter"
"X_0126","Bacteria","Bacteroidota","Bacteroidia","Chitinophagales","Chitinophagaceae","Edaphobaculum","unidentified","Edaphobaculum"
"X_0127","Bacteria","Proteobacteria","Gammaproteobacteria","Xanthomonadales","Xanthomonadaceae","Stenotrophomonas","maltophilia","maltophilia"
"X_0128","Bacteria","Proteobacteria","Gammaproteobacteria","Burkholderiales","Oxalobacteraceae","Duganella","unidentified","Duganella"
"X_0129","Bacteria","Bdellovibrionota","Bdellovibrionia","Bdellovibrionales","Bdellovibrionaceae","Bdellovibrio","unidentified","Bdellovibrio"
"X_0130","Bacteria","Firmicutes","Negativicutes","Veillonellales-Selenomonadales","Sporomusaceae","Anaeromusa-Anaeroarcus","unidentified","Anaeromusa-Anaeroarcus"
"X_0131","Bacteria","Proteobacteria","Alphaproteobacteria","Acetobacterales","Acetobacteraceae","Rhodovastum","unidentified","Rhodovastum"
"X_0132","Bacteria","Acidobacteriota","Acidobacteriae","Acidobacteriales","Acidobacteriaceae (Subgroup 1)","Terracidiphilus","unidentified","Terracidiphilus"
"X_0133","Bacteria","Proteobacteria","Gammaproteobacteria","Burkholderiales","Burkholderiaceae","Burkholderia-Caballeronia-Paraburkholderia","unidentified","Burkholderia-Caballeronia-Paraburkholderia"
"X_0134","Bacteria","Proteobacteria","Alphaproteobacteria","Sphingomonadales","Sphingomonadaceae","Novosphingobium","acidiphilum","acidiphilum"
"X_0135","Bacteria","Proteobacteria","Alphaproteobacteria","Rhodospirillales","Magnetospirillaceae","Telmatospirillum","unidentified","Telmatospirillum"
"X_0136","Bacteria","Bacteroidota","Bacteroidia","Chitinophagales","Chitinophagaceae","Chitinophaga","unidentified","Chitinophaga"
"X_0137","Bacteria","Proteobacteria","Alphaproteobacteria","Rhizobiales","Rhizobiaceae","Allorhizobium-Neorhizobium-Pararhizobium-Rhizobium","unidentified","Allorhizobium-Neorhizobium-Pararhizobium-Rhizobium"
"X_0138","Bacteria","Firmicutes","Bacilli","Paenibacillales","Paenibacillaceae","Paenibacillus","tritici","tritici"
"X_0139","Bacteria","Acidobacteriota","Acidobacteriae","Acidobacteriales","Acidobacteriaceae (Subgroup 1)","Bryocella","unidentified","Bryocella"
"X_0140","Bacteria","Proteobacteria","Gammaproteobacteria","Xanthomonadales","Rhodanobacteraceae","Dyella","unidentified","Dyella"
"X_0141","Bacteria","Proteobacteria","Gammaproteobacteria","Burkholderiales","Chromobacteriaceae","Aquitalea","unidentified","Aquitalea"
"X_0142","Bacteria","Bacteroidota","Bacteroidia","Chitinophagales","Chitinophagaceae","Puia","unidentified","Puia"
"X_0143","Bacteria","Proteobacteria","Gammaproteobacteria","Burkholderiales","Rhodocyclaceae","Candidatus Accumulibacter","unidentified","Candidatus Accumulibacter"
"X_0144","Bacteria","Proteobacteria","Alphaproteobacteria","Sphingomonadales","Sphingomonadaceae","Hephaestia","unidentified","Hephaestia"
"X_0145","Bacteria","Acidobacteriota","Acidobacteriae","Acidobacteriales","Acidobacteriaceae (Subgroup 1)","Granulicella","paludicola","paludicola"
"X_0146","Bacteria","Firmicutes","Clostridia","Clostridiales","Clostridiaceae","Clostridium sensu stricto 12","pasteurianum","pasteurianum"
"X_0147","Bacteria","Proteobacteria","Alphaproteobacteria","Rhizobiales","Pleomorphomonadaceae","Pleomorphomonas","unidentified","Pleomorphomonas"
"X_0148","Bacteria","Bacteroidota","Bacteroidia","Sphingobacteriales","Sphingobacteriaceae","Mucilaginibacter","unidentified","Mucilaginibacter"
"X_0149","Bacteria","Bacteroidota","Bacteroidia","Bacteroidales","Paludibacteraceae","Paludibacter","unidentified","Paludibacter"
"X_0150","Bacteria","Firmicutes","Clostridia","Lachnospirales","Lachnospiraceae","Anaerocolumna","xylanovorans","xylanovorans"
"X_0151","Bacteria","Proteobacteria","Gammaproteobacteria","Burkholderiales","Rhodocyclaceae","Uliginosibacterium","unidentified","Uliginosibacterium"
"X_0152","Bacteria","Bacteroidota","Bacteroidia","Sphingobacteriales","Sphingobacteriaceae","Mucilaginibacter","unidentified","Mucilaginibacter"
"X_0153","Bacteria","Proteobacteria","Gammaproteobacteria","Burkholderiales","Burkholderiaceae","Burkholderia-Caballeronia-Paraburkholderia","unidentified","Burkholderia-Caballeronia-Paraburkholderia"
"X_0154","Bacteria","Proteobacteria","Alphaproteobacteria","Rhodospirillales","Magnetospirillaceae","Magnetospirillum","unidentified","Magnetospirillum"
"X_0155","Bacteria","Bacteroidota","Bacteroidia","Sphingobacteriales","Sphingobacteriaceae","Mucilaginibacter","unidentified","Mucilaginibacter"
"X_0156","Bacteria","Bacteroidota","Bacteroidia","Chitinophagales","Chitinophagaceae","Sediminibacterium","unidentified","Sediminibacterium"
"X_0157","Bacteria","Proteobacteria","Gammaproteobacteria","Pseudomonadales","Pseudomonadaceae","Pseudomonas","unidentified","Pseudomonas"
"X_0158","Bacteria","Proteobacteria","Alphaproteobacteria","Sphingomonadales","Sphingomonadaceae","Sphingomonas","unidentified","Sphingomonas"
"X_0159","Bacteria","Bacteroidota","Bacteroidia","Bacteroidales","unidentified","unidentified","unidentified","Bacteroidales"
"X_0160","Bacteria","Firmicutes","Clostridia","Hungateiclostridiaceae","unidentified","unidentified","unidentified","Hungateiclostridiaceae"
"X_0161","Bacteria","Firmicutes","Bacilli","Paenibacillales","Paenibacillaceae","Paenibacillus","unidentified","Paenibacillus"
"X_0162","Bacteria","Proteobacteria","Alphaproteobacteria","Acetobacterales","Acetobacteraceae","Acidocella","unidentified","Acidocella"
"X_0163","Bacteria","Bacteroidota","Bacteroidia","Chitinophagales","Chitinophagaceae","Heliimonas","saccharivorans","saccharivorans"
"X_0164","Bacteria","Proteobacteria","Gammaproteobacteria","Burkholderiales","Oxalobacteraceae","Duganella","unidentified","Duganella"
"X_0165","Bacteria","Proteobacteria","Alphaproteobacteria","Rhodospirillales","Magnetospirillaceae","Telmatospirillum","unidentified","Telmatospirillum"
"X_0166","Bacteria","Proteobacteria","Alphaproteobacteria","Rhodospirillales","Magnetospirillaceae","Telmatospirillum","unidentified","Telmatospirillum"
"X_0167","Bacteria","Proteobacteria","Gammaproteobacteria","Xanthomonadales","Rhodanobacteraceae","Fulvimonas","unidentified","Fulvimonas"
"X_0168","Bacteria","Acidobacteriota","Acidobacteriae","Acidobacteriales","Acidobacteriaceae (Subgroup 1)","Bryocella","unidentified","Bryocella"
"X_0169","Bacteria","Proteobacteria","Alphaproteobacteria","Caulobacterales","Caulobacteraceae","Caulobacter","unidentified","Caulobacter"
"X_0170","Bacteria","Bacteroidota","Bacteroidia","Chitinophagales","Chitinophagaceae","unidentified","unidentified","Chitinophagaceae"
"X_0171","Bacteria","Firmicutes","Negativicutes","Veillonellales-Selenomonadales","Sporomusaceae","Pelosinus","unidentified","Pelosinus"
"X_0172","Bacteria","Acidobacteriota","Acidobacteriae","Acidobacteriales","Acidobacteriaceae (Subgroup 1)","Terriglobus","unidentified","Terriglobus"
"X_0173","Bacteria","Proteobacteria","Gammaproteobacteria","Burkholderiales","Chromobacteriaceae","Vogesella","unidentified","Vogesella"
"X_0174","Bacteria","Armatimonadota","Fimbriimonadia","Fimbriimonadales","Fimbriimonadaceae","unidentified","unidentified","Fimbriimonadaceae"
"X_0175","Bacteria","Proteobacteria","Alphaproteobacteria","Sphingomonadales","Sphingomonadaceae","Sphingomonas","unidentified","Sphingomonas"
"X_0176","Bacteria","Proteobacteria","Alphaproteobacteria","Sphingomonadales","Sphingomonadaceae","Sphingomonas","unidentified","Sphingomonas"
"X_0177","Bacteria","Acidobacteriota","Acidobacteriae","Acidobacteriales","Acidobacteriaceae (Subgroup 1)","Occallatibacter","unidentified","Occallatibacter"
"X_0178","Bacteria","Bacteroidota","Bacteroidia","Sphingobacteriales","Sphingobacteriaceae","Mucilaginibacter","unidentified","Mucilaginibacter"
"X_0179","Bacteria","Proteobacteria","Gammaproteobacteria","Burkholderiales","Rhodocyclaceae","Propionivibrio","dicarboxylicus","dicarboxylicus"
"X_0180","Bacteria","Actinobacteriota","Actinobacteria","Micrococcales","Microbacteriaceae","Leifsonia","unidentified","Leifsonia"
"X_0181","Bacteria","Proteobacteria","Alphaproteobacteria","Rhodospirillales","Magnetospirillaceae","Telmatospirillum","unidentified","Telmatospirillum"
"X_0182","Bacteria","Bacteroidota","Bacteroidia","Chitinophagales","Chitinophagaceae","Rurimicrobium","unidentified","Rurimicrobium"
"X_0183","Bacteria","Fusobacteriota","Fusobacteriia","Fusobacteriales","Fusobacteriaceae","Cetobacterium","somerae","somerae"
"X_0184","Bacteria","Proteobacteria","Gammaproteobacteria","Burkholderiales","Rhodocyclaceae","Uliginosibacterium","unidentified","Uliginosibacterium"
"X_0185","Bacteria","Proteobacteria","Gammaproteobacteria","Burkholderiales","Rhodocyclaceae","Niveibacterium","unidentified","Niveibacterium"
"X_0186","Bacteria","Acidobacteriota","Acidobacteriae","Acidobacteriales","Acidobacteriaceae (Subgroup 1)","unidentified","unidentified","Acidobacteriaceae (Subgroup 1)"
"X_0187","Bacteria","Proteobacteria","Gammaproteobacteria","Burkholderiales","Burkholderiaceae","Burkholderia-Caballeronia-Paraburkholderia","unidentified","Burkholderia-Caballeronia-Paraburkholderia"
"X_0188","Bacteria","Proteobacteria","Gammaproteobacteria","Xanthomonadales","Xanthomonadaceae","Stenotrophomonas","maltophilia","maltophilia"
"X_0189","Bacteria","Proteobacteria","Alphaproteobacteria","Acetobacterales","Acetobacteraceae","Acidocella","unidentified","Acidocella"
"X_0190","Bacteria","Proteobacteria","Gammaproteobacteria","Burkholderiales","Chromobacteriaceae","Aquitalea","unidentified","Aquitalea"
"X_0191","Bacteria","Proteobacteria","Gammaproteobacteria","Aeromonadales","Aeromonadaceae","Tolumonas","auensis","auensis"
"X_0192","Bacteria","Proteobacteria","Gammaproteobacteria","Burkholderiales","Rhodocyclaceae","Uliginosibacterium","unidentified","Uliginosibacterium"
"X_0193","Bacteria","Proteobacteria","Gammaproteobacteria","Enterobacterales","Pectobacteriaceae","Dickeya","unidentified","Dickeya"
"X_0194","Bacteria","Bacteroidota","Bacteroidia","Cytophagales","Spirosomaceae","Spirosoma","unidentified","Spirosoma"
"X_0195","Bacteria","Firmicutes","Bacilli","Paenibacillales","Paenibacillaceae","Paenibacillus","unidentified","Paenibacillus"
"X_0196","Bacteria","Bacteroidota","Bacteroidia","Chitinophagales","Chitinophagaceae","Taibaiella","unidentified","Taibaiella"
"X_0197","Bacteria","Proteobacteria","Gammaproteobacteria","Burkholderiales","Comamonadaceae","Ideonella","unidentified","Ideonella"
"X_0198","Bacteria","Firmicutes","Negativicutes","Veillonellales-Selenomonadales","Sporomusaceae","Anaeromusa-Anaeroarcus","unidentified","Anaeromusa-Anaeroarcus"
"X_0199","Bacteria","Bacteroidota","Bacteroidia","Sphingobacteriales","Sphingobacteriaceae","Mucilaginibacter","unidentified","Mucilaginibacter"
"X_0200","Bacteria","Proteobacteria","Gammaproteobacteria","Burkholderiales","Oxalobacteraceae","Massilia","unidentified","Massilia"
"X_0201","Bacteria","Proteobacteria","Gammaproteobacteria","Burkholderiales","Oxalobacteraceae","Undibacterium","unidentified","Undibacterium"
"X_0202","Bacteria","Firmicutes","Negativicutes","Veillonellales-Selenomonadales","Selenomonadaceae","Propionispira","unidentified","Propionispira"
"X_0203","Bacteria","Bacteroidota","Bacteroidia","Chitinophagales","Chitinophagaceae","Edaphobaculum","unidentified","Edaphobaculum"
"X_0204","Bacteria","Bacteroidota","Bacteroidia","Bacteroidales","Williamwhitmaniaceae","Acetobacteroides","unidentified","Acetobacteroides"
"X_0205","Bacteria","Proteobacteria","Gammaproteobacteria","Burkholderiales","Burkholderiaceae","Burkholderia-Caballeronia-Paraburkholderia","unidentified","Burkholderia-Caballeronia-Paraburkholderia"
"X_0206","Bacteria","Acidobacteriota","Acidobacteriae","Acidobacteriales","Acidobacteriaceae (Subgroup 1)","Terriglobus","roseus","roseus"
"X_0207","Bacteria","Proteobacteria","Gammaproteobacteria","Xanthomonadales","Xanthomonadaceae","Stenotrophomonas","unidentified","Stenotrophomonas"
"X_0208","Bacteria","Proteobacteria","Alphaproteobacteria","Caulobacterales","Caulobacteraceae","Asticcacaulis","unidentified","Asticcacaulis"
"X_0209","Bacteria","Firmicutes","Bacilli","Paenibacillales","Paenibacillaceae","Paenibacillus","unidentified","Paenibacillus"
"X_0210","Bacteria","Firmicutes","Bacilli","Paenibacillales","Paenibacillaceae","Paenibacillus","unidentified","Paenibacillus"
"X_0211","Bacteria","Firmicutes","Negativicutes","Veillonellales-Selenomonadales","Sporomusaceae","Anaerospora","unidentified","Anaerospora"
"X_0212","Bacteria","Bacteroidota","Bacteroidia","Sphingobacteriales","Sphingobacteriaceae","Mucilaginibacter","gynuensis","gynuensis"
"X_0213","Bacteria","Acidobacteriota","Acidobacteriae","Acidobacteriales","Acidobacteriaceae (Subgroup 1)","Occallatibacter","unidentified","Occallatibacter"
"X_0214","Bacteria","Proteobacteria","Alphaproteobacteria","Rhizobiales","Beijerinckiaceae","Roseiarcus","fermentans","fermentans"
"X_0215","Bacteria","Proteobacteria","Gammaproteobacteria","Burkholderiales","Burkholderiaceae","Robbsia","unidentified","Robbsia"
"X_0216","Bacteria","Bacteroidota","Bacteroidia","Chitinophagales","Chitinophagaceae","Puia","unidentified","Puia"
"X_0217","Bacteria","Proteobacteria","Gammaproteobacteria","Burkholderiales","Oxalobacteraceae","Massilia","unidentified","Massilia"
"X_0218","Bacteria","Proteobacteria","Alphaproteobacteria","Rhizobiales","Rhizobiaceae","Allorhizobium-Neorhizobium-Pararhizobium-Rhizobium","unidentified","Allorhizobium-Neorhizobium-Pararhizobium-Rhizobium"
"X_0219","Bacteria","Acidobacteriota","Acidobacteriae","Acidobacteriales","Acidobacteriaceae (Subgroup 1)","Edaphobacter","unidentified","Edaphobacter"
"X_0220","Bacteria","Firmicutes","Clostridia","Lachnospirales","Lachnospiraceae","Lachnoclostridium","unidentified","Lachnoclostridium"
"X_0221","Bacteria","Bacteroidota","Bacteroidia","Chitinophagales","Chitinophagaceae","unidentified","unidentified","Chitinophagaceae"
"X_0222","Bacteria","Proteobacteria","Gammaproteobacteria","Burkholderiales","Comamonadaceae","Xylophilus","unidentified","Xylophilus"
"X_0223","Bacteria","Proteobacteria","Gammaproteobacteria","Burkholderiales","Oxalobacteraceae","Massilia","unidentified","Massilia"
"X_0224","Bacteria","Bacteroidota","Bacteroidia","Sphingobacteriales","Sphingobacteriaceae","Mucilaginibacter","unidentified","Mucilaginibacter"
"X_0225","Bacteria","Acidobacteriota","Acidobacteriae","Acidobacteriales","Acidobacteriaceae (Subgroup 1)","Granulicella","unidentified","Granulicella"
"X_0226","Bacteria","Proteobacteria","Alphaproteobacteria","Rhizobiales","Rhizobiaceae","Allorhizobium-Neorhizobium-Pararhizobium-Rhizobium","unidentified","Allorhizobium-Neorhizobium-Pararhizobium-Rhizobium"
"X_0227","Bacteria","Bacteroidota","Bacteroidia","Sphingobacteriales","Sphingobacteriaceae","Mucilaginibacter","angelicae","angelicae"
"X_0228","Bacteria","Proteobacteria","Alphaproteobacteria","Rhizobiales","Pleomorphomonadaceae","Pleomorphomonas","unidentified","Pleomorphomonas"
"X_0229","Bacteria","Bacteroidota","Bacteroidia","Flavobacteriales","Weeksellaceae","Chryseobacterium","unidentified","Chryseobacterium"
"X_0230","Bacteria","Firmicutes","Bacilli","Paenibacillales","Paenibacillaceae","Paenibacillus","alvei","alvei"
"X_0231","Bacteria","Firmicutes","Clostridia","Clostridiales","Clostridiaceae","Clostridium sensu stricto 13","unidentified","Clostridium sensu stricto 13"
"X_0232","Bacteria","Bacteroidota","Bacteroidia","Bacteroidales","Bacteroidaceae","Bacteroides","unidentified","Bacteroides"
"X_0233","Bacteria","Bacteroidota","Bacteroidia","Chitinophagales","Chitinophagaceae","Puia","unidentified","Puia"
"X_0234","Bacteria","Proteobacteria","Alphaproteobacteria","Rhizobiales","Xanthobacteraceae","Rhodopseudomonas","unidentified","Rhodopseudomonas"
"X_0235","Bacteria","Proteobacteria","Gammaproteobacteria","Enterobacterales","Hafniaceae","Hafnia-Obesumbacterium","unidentified","Hafnia-Obesumbacterium"
"X_0236","Bacteria","Proteobacteria","Alphaproteobacteria","Sphingomonadales","Sphingomonadaceae","Sphingomonas","unidentified","Sphingomonas"
"X_0237","Bacteria","Bacteroidota","Bacteroidia","Sphingobacteriales","Sphingobacteriaceae","Mucilaginibacter","unidentified","Mucilaginibacter"
"X_0238","Bacteria","Proteobacteria","Alphaproteobacteria","Acetobacterales","Acetobacteraceae","Acidisoma","unidentified","Acidisoma"
"X_0239","Bacteria","Firmicutes","Clostridia","Clostridiales","Clostridiaceae","Clostridium sensu stricto 1","unidentified","Clostridium sensu stricto 1"
"X_0240","Bacteria","Proteobacteria","Alphaproteobacteria","Elsterales","Elsteraceae","Aliidongia","unidentified","Aliidongia"
"X_0241","Bacteria","Bacteroidota","Bacteroidia","Bacteroidales","Bacteroidaceae","Bacteroides","luti","luti"
"X_0242","Bacteria","Firmicutes","Bacilli","Paenibacillales","Paenibacillaceae","Paenibacillus","unidentified","Paenibacillus"
"X_0243","Bacteria","Bacteroidota","Bacteroidia","Flavobacteriales","Flavobacteriaceae","Flavobacterium","unidentified","Flavobacterium"
"X_0244","Bacteria","Bacteroidota","Bacteroidia","Flavobacteriales","Weeksellaceae","Chryseobacterium","unidentified","Chryseobacterium"
"X_0245","Bacteria","Bacteroidota","Bacteroidia","Chitinophagales","Chitinophagaceae","Puia","unidentified","Puia"
"X_0246","Bacteria","Proteobacteria","Gammaproteobacteria","Legionellales","Legionellaceae","Legionella","unidentified","Legionella"
"X_0247","Bacteria","Bacteroidota","Bacteroidia","Sphingobacteriales","Sphingobacteriaceae","Mucilaginibacter","unidentified","Mucilaginibacter"
"X_0248","Bacteria","Acidobacteriota","Acidobacteriae","Acidobacteriales","Acidobacteriaceae (Subgroup 1)","unidentified","unidentified","Acidobacteriaceae (Subgroup 1)"
"X_0249","Bacteria","Proteobacteria","Alphaproteobacteria","Micropepsales","Micropepsaceae","Rhizomicrobium","unidentified","Rhizomicrobium"
"X_0250","Bacteria","Proteobacteria","Gammaproteobacteria","Xanthomonadales","Rhodanobacteraceae","Rhodanobacter","unidentified","Rhodanobacter"
"X_0251","Bacteria","Proteobacteria","Gammaproteobacteria","Aeromonadales","Aeromonadaceae","Tolumonas","unidentified","Tolumonas"
"X_0252","Bacteria","Firmicutes","Negativicutes","Veillonellales-Selenomonadales","unidentified","unidentified","unidentified","Veillonellales-Selenomonadales"
"X_0253","Bacteria","Bacteroidota","Bacteroidia","Cytophagales","Spirosomaceae","Spirosoma","unidentified","Spirosoma"
"X_0254","Bacteria","Proteobacteria","Gammaproteobacteria","Xanthomonadales","Xanthomonadaceae","Xanthomonas","unidentified","Xanthomonas"
"X_0255","Bacteria","Proteobacteria","Gammaproteobacteria","Burkholderiales","Comamonadaceae","unidentified","unidentified","Comamonadaceae"
"X_0256","Bacteria","Bacteroidota","Bacteroidia","Sphingobacteriales","Sphingobacteriaceae","Mucilaginibacter","unidentified","Mucilaginibacter"
"X_0257","Bacteria","Proteobacteria","Alphaproteobacteria","Sphingomonadales","Sphingomonadaceae","Sphingomonas","unidentified","Sphingomonas"
"X_0258","Bacteria","Acidobacteriota","Acidobacteriae","Acidobacteriales","Acidobacteriaceae (Subgroup 1)","Terracidiphilus","unidentified","Terracidiphilus"
"X_0259","Bacteria","Proteobacteria","Gammaproteobacteria","Burkholderiales","Comamonadaceae","Roseateles","unidentified","Roseateles"
"X_0260","Bacteria","Proteobacteria","Alphaproteobacteria","Acetobacterales","Acetobacteraceae","unidentified","unidentified","Acetobacteraceae"
"X_0261","Bacteria","Proteobacteria","Gammaproteobacteria","Aeromonadales","Aeromonadaceae","Tolumonas","unidentified","Tolumonas"
"X_0262","Bacteria","Bacteroidota","Bacteroidia","Sphingobacteriales","Sphingobacteriaceae","Pedobacter","unidentified","Pedobacter"
"X_0263","Bacteria","Proteobacteria","Alphaproteobacteria","Sphingomonadales","Sphingomonadaceae","Novosphingobium","unidentified","Novosphingobium"
"X_0264","Bacteria","Spirochaetota","Spirochaetia","Spirochaetales","Spirochaetaceae","Spirochaeta 2","unidentified","Spirochaeta 2"
"X_0265","Bacteria","Proteobacteria","Gammaproteobacteria","Burkholderiales","Rhodocyclaceae","Propionivibrio","unidentified","Propionivibrio"
"X_0266","Bacteria","Bdellovibrionota","Oligoflexia","0319-6G20","unidentified","unidentified","unidentified","0319-6G20"
"X_0267","Bacteria","Proteobacteria","Gammaproteobacteria","Burkholderiales","Comamonadaceae","Paucibacter","unidentified","Paucibacter"
"X_0268","Bacteria","Bacteroidota","Bacteroidia","Chitinophagales","Chitinophagaceae","Puia","unidentified","Puia"
"X_0269","Bacteria","Bacteroidota","Bacteroidia","Chitinophagales","Chitinophagaceae","Puia","unidentified","Puia"
"X_0270","Bacteria","Proteobacteria","Gammaproteobacteria","Burkholderiales","Rhodocyclaceae","Niveibacterium","unidentified","Niveibacterium"
"X_0271","Bacteria","Firmicutes","Clostridia","Clostridiales","Clostridiaceae","Clostridium sensu stricto 9","unidentified","Clostridium sensu stricto 9"
"X_0272","Bacteria","Bacteroidota","Bacteroidia","Bacteroidales","Williamwhitmaniaceae","Acetobacteroides","unidentified","Acetobacteroides"
"X_0273","Bacteria","Bacteroidota","Bacteroidia","Chitinophagales","Chitinophagaceae","Puia","unidentified","Puia"
"X_0274","Bacteria","Proteobacteria","Gammaproteobacteria","Burkholderiales","Burkholderiaceae","Burkholderia-Caballeronia-Paraburkholderia","unidentified","Burkholderia-Caballeronia-Paraburkholderia"
"X_0275","Bacteria","Proteobacteria","Alphaproteobacteria","Micropepsales","Micropepsaceae","unidentified","unidentified","Micropepsaceae"
"X_0276","Bacteria","Proteobacteria","Gammaproteobacteria","Burkholderiales","Burkholderiaceae","Robbsia","unidentified","Robbsia"
"X_0277","Bacteria","Spirochaetota","Spirochaetia","Spirochaetales","Spirochaetaceae","Spirochaeta 2","unidentified","Spirochaeta 2"
"X_0278","Bacteria","Bacteroidota","Bacteroidia","Chitinophagales","Chitinophagaceae","Heliimonas","unidentified","Heliimonas"
"X_0279","Bacteria","Proteobacteria","Alphaproteobacteria","Elsterales","Elsteraceae","Aliidongia","unidentified","Aliidongia"
"X_0280","Bacteria","Armatimonadota","Armatimonadia","Armatimonadales","unidentified","unidentified","unidentified","Armatimonadales"
"X_0281","Bacteria","Actinobacteriota","Actinobacteria","Micrococcales","Microbacteriaceae","Microbacterium","unidentified","Microbacterium"
"X_0282","Bacteria","Proteobacteria","Gammaproteobacteria","Burkholderiales","Comamonadaceae","Hylemonella","unidentified","Hylemonella"
"X_0283","Bacteria","Proteobacteria","Alphaproteobacteria","Caulobacterales","Caulobacteraceae","Phenylobacterium","unidentified","Phenylobacterium"
"X_0284","Bacteria","unidentified","unidentified","unidentified","unidentified","unidentified","unidentified","Bacteria"
"X_0285","Bacteria","Proteobacteria","Alphaproteobacteria","Elsterales","Elsteraceae","Aliidongia","unidentified","Aliidongia"
"X_0286","Bacteria","Verrucomicrobiota","Verrucomicrobiae","Opitutales","Opitutaceae","Lacunisphaera","unidentified","Lacunisphaera"
"X_0287","Bacteria","Proteobacteria","Alphaproteobacteria","Elsterales","Elsteraceae","Aliidongia","unidentified","Aliidongia"
"X_0288","Bacteria","Proteobacteria","Gammaproteobacteria","Burkholderiales","Oxalobacteraceae","Collimonas","unidentified","Collimonas"
"X_0289","Bacteria","Proteobacteria","Gammaproteobacteria","Burkholderiales","Comamonadaceae","Variovorax","unidentified","Variovorax"
"X_0290","Bacteria","Proteobacteria","Alphaproteobacteria","Rhizobiales","Pleomorphomonadaceae","unidentified","unidentified","Pleomorphomonadaceae"
"X_0291","Bacteria","Proteobacteria","Gammaproteobacteria","Pseudomonadales","Pseudomonadaceae","Pseudomonas","unidentified","Pseudomonas"
"X_0292","Bacteria","Bacteroidota","Bacteroidia","Bacteroidales","Williamwhitmaniaceae","Acetobacteroides","unidentified","Acetobacteroides"
"X_0293","Bacteria","Bacteroidota","Bacteroidia","Bacteroidales","Paludibacteraceae","Paludibacter","unidentified","Paludibacter"
"X_0294","Bacteria","Proteobacteria","Gammaproteobacteria","Burkholderiales","Chromobacteriaceae","Paludibacterium","yongneupense","yongneupense"
"X_0295","Bacteria","Proteobacteria","Alphaproteobacteria","Rhodospirillales","Magnetospirillaceae","unidentified","unidentified","Magnetospirillaceae"
"X_0296","Bacteria","Proteobacteria","Alphaproteobacteria","Caulobacterales","Caulobacteraceae","Asticcacaulis","unidentified","Asticcacaulis"
"X_0297","Bacteria","Proteobacteria","Alphaproteobacteria","Rhodospirillales","Magnetospirillaceae","Telmatospirillum","unidentified","Telmatospirillum"
"X_0298","Bacteria","Bacteroidota","Bacteroidia","Chitinophagales","Chitinophagaceae","Sediminibacterium","unidentified","Sediminibacterium"
"X_0299","Bacteria","Firmicutes","Clostridia","Lachnospirales","Lachnospiraceae","unidentified","unidentified","Lachnospiraceae"
"X_0300","Bacteria","Proteobacteria","Gammaproteobacteria","Burkholderiales","Oxalobacteraceae","Duganella","radicis","radicis"
"X_0301","Bacteria","Proteobacteria","Alphaproteobacteria","Acetobacterales","Acetobacteraceae","unidentified","unidentified","Acetobacteraceae"
"X_0302","Bacteria","Proteobacteria","Gammaproteobacteria","Enterobacterales","Enterobacteriaceae","unidentified","unidentified","Enterobacteriaceae"
"X_0303","Bacteria","Proteobacteria","Gammaproteobacteria","Burkholderiales","Oxalobacteraceae","Collimonas","unidentified","Collimonas"
"X_0304","Bacteria","Proteobacteria","Gammaproteobacteria","Aeromonadales","Aeromonadaceae","Tolumonas","osonensis","osonensis"
"X_0305","Bacteria","Firmicutes","Bacilli","Bacillales","Planococcaceae","unidentified","unidentified","Planococcaceae"
"X_0306","Bacteria","Proteobacteria","Gammaproteobacteria","Burkholderiales","Comamonadaceae","Roseateles","unidentified","Roseateles"
"X_0307","Bacteria","Firmicutes","Clostridia","Clostridiales","Clostridiaceae","Clostridium sensu stricto 14","unidentified","Clostridium sensu stricto 14"
"X_0308","Bacteria","Acidobacteriota","Acidobacteriae","Acidobacteriales","Acidobacteriaceae (Subgroup 1)","Acidicapsa","unidentified","Acidicapsa"
"X_0309","Bacteria","Firmicutes","Bacilli","Paenibacillales","Paenibacillaceae","Paenibacillus","unidentified","Paenibacillus"
"X_0310","Bacteria","Proteobacteria","Alphaproteobacteria","Azospirillales","Azospirillaceae","Nitrospirillum","amazonense","amazonense"
"X_0311","Bacteria","Firmicutes","Negativicutes","Veillonellales-Selenomonadales","Sporomusaceae","Anaeromusa-Anaeroarcus","unidentified","Anaeromusa-Anaeroarcus"
"X_0312","Bacteria","Bacteroidota","Bacteroidia","Bacteroidales","Paludibacteraceae","Microbacter","unidentified","Microbacter"
"X_0313","Bacteria","Firmicutes","Bacilli","Paenibacillales","Paenibacillaceae","Paenibacillus","unidentified","Paenibacillus"
"X_0314","Bacteria","Proteobacteria","Gammaproteobacteria","Aeromonadales","Aeromonadaceae","Aeromonas","unidentified","Aeromonas"
"X_0315","Bacteria","Firmicutes","Bacilli","Lactobacillales","Streptococcaceae","Lactococcus","unidentified","Lactococcus"
"X_0316","Bacteria","Firmicutes","Bacilli","Paenibacillales","Paenibacillaceae","Paenibacillus","unidentified","Paenibacillus"
"X_0317","Bacteria","Bacteroidota","Bacteroidia","Chitinophagales","Chitinophagaceae","Taibaiella","unidentified","Taibaiella"
"X_0318","Bacteria","Proteobacteria","Gammaproteobacteria","Burkholderiales","Burkholderiaceae","Burkholderia-Caballeronia-Paraburkholderia","unidentified","Burkholderia-Caballeronia-Paraburkholderia"
"X_0319","Bacteria","Bacteroidota","Bacteroidia","Chitinophagales","Chitinophagaceae","unidentified","unidentified","Chitinophagaceae"
"X_0320","Bacteria","Proteobacteria","Gammaproteobacteria","Burkholderiales","Rhodocyclaceae","Uliginosibacterium","unidentified","Uliginosibacterium"
"X_0321","Bacteria","Proteobacteria","Gammaproteobacteria","Aeromonadales","unidentified","unidentified","unidentified","Aeromonadales"
"X_0322","Bacteria","Bacteroidota","Bacteroidia","Chitinophagales","Chitinophagaceae","Parasediminibacterium","unidentified","Parasediminibacterium"
"X_0323","Bacteria","Proteobacteria","Alphaproteobacteria","Rhizobiales","Rhizobiaceae","Allorhizobium-Neorhizobium-Pararhizobium-Rhizobium","unidentified","Allorhizobium-Neorhizobium-Pararhizobium-Rhizobium"
"X_0324","Bacteria","Cyanobacteria","Vampirivibrionia","Obscuribacterales","Obscuribacteraceae","unidentified","unidentified","Obscuribacteraceae"
"X_0325","Bacteria","Proteobacteria","Alphaproteobacteria","Acetobacterales","Acetobacteraceae","Acidisoma","tundrae","tundrae"
"X_0326","Bacteria","Proteobacteria","Gammaproteobacteria","Xanthomonadales","Rhodanobacteraceae","Rudaea","cellulosilytica","cellulosilytica"
"X_0327","Bacteria","Proteobacteria","Alphaproteobacteria","Caulobacterales","Caulobacteraceae","unidentified","unidentified","Caulobacteraceae"
"X_0328","Bacteria","Acidobacteriota","Acidobacteriae","Acidobacteriales","Acidobacteriaceae (Subgroup 1)","Acidicapsa","unidentified","Acidicapsa"
"X_0329","Bacteria","Firmicutes","Clostridia","Clostridiales","Clostridiaceae","Clostridium sensu stricto 9","unidentified","Clostridium sensu stricto 9"
"X_0330","Bacteria","Proteobacteria","Gammaproteobacteria","Enterobacterales","Enterobacteriaceae","unidentified","unidentified","Enterobacteriaceae"
"X_0331","Bacteria","Proteobacteria","Alphaproteobacteria","Rhodospirillales","Magnetospirillaceae","Telmatospirillum","unidentified","Telmatospirillum"
"X_0332","Bacteria","Proteobacteria","Gammaproteobacteria","Burkholderiales","Sutterellaceae","AAP99","unidentified","AAP99"
"X_0333","Bacteria","Proteobacteria","Alphaproteobacteria","Sphingomonadales","Sphingomonadaceae","unidentified","unidentified","Sphingomonadaceae"
"X_0334","Bacteria","Proteobacteria","Gammaproteobacteria","Burkholderiales","Comamonadaceae","unidentified","unidentified","Comamonadaceae"
"X_0335","Bacteria","Proteobacteria","Alphaproteobacteria","Sphingomonadales","Sphingomonadaceae","Novosphingobium","rhizosphaerae","rhizosphaerae"
"X_0336","Bacteria","Proteobacteria","Alphaproteobacteria","Rhodospirillales","Magnetospirillaceae","unidentified","unidentified","Magnetospirillaceae"
"X_0337","Bacteria","Proteobacteria","Alphaproteobacteria","Azospirillales","Azospirillaceae","Azospirillum","unidentified","Azospirillum"
"X_0338","Bacteria","Firmicutes","Bacilli","Alicyclobacillales","Alicyclobacillaceae","Tumebacillus","ginsengisoli","ginsengisoli"
"X_0339","Bacteria","Proteobacteria","Gammaproteobacteria","Burkholderiales","Chromobacteriaceae","Vogesella","indigofera","indigofera"
"X_0340","Bacteria","Proteobacteria","Alphaproteobacteria","Caulobacterales","Caulobacteraceae","unidentified","unidentified","Caulobacteraceae"
"X_0341","Bacteria","Firmicutes","Bacilli","Paenibacillales","Paenibacillaceae","Paenibacillus","unidentified","Paenibacillus"
"X_0342","Bacteria","Proteobacteria","Gammaproteobacteria","Enterobacterales","unidentified","unidentified","unidentified","Enterobacterales"
"X_0343","Bacteria","Bacteroidota","Bacteroidia","Flavobacteriales","Flavobacteriaceae","Flavobacterium","unidentified","Flavobacterium"
"X_0344","Bacteria","Proteobacteria","Alphaproteobacteria","Rhizobiales","Xanthobacteraceae","unidentified","unidentified","Xanthobacteraceae"
"X_0345","Bacteria","Proteobacteria","Alphaproteobacteria","Caulobacterales","Caulobacteraceae","Brevundimonas","unidentified","Brevundimonas"
"X_0346","Bacteria","Proteobacteria","Alphaproteobacteria","Rickettsiales","unidentified","unidentified","unidentified","Rickettsiales"
"X_0347","Bacteria","Proteobacteria","Gammaproteobacteria","Burkholderiales","Comamonadaceae","unidentified","unidentified","Comamonadaceae"
"X_0348","Bacteria","Firmicutes","Bacilli","Paenibacillales","Paenibacillaceae","Paenibacillus","unidentified","Paenibacillus"
"X_0349","Bacteria","Bacteroidota","Bacteroidia","Chitinophagales","Chitinophagaceae","unidentified","unidentified","Chitinophagaceae"
"X_0350","Bacteria","Proteobacteria","Alphaproteobacteria","Rhizobiales","Rhizobiaceae","Allorhizobium-Neorhizobium-Pararhizobium-Rhizobium","unidentified","Allorhizobium-Neorhizobium-Pararhizobium-Rhizobium"
"X_0351","Bacteria","Desulfobacterota","Desulfovibrionia","Desulfovibrionales","Desulfovibrionaceae","Desulfovibrio","unidentified","Desulfovibrio"
"X_0352","Bacteria","Bacteroidota","Bacteroidia","Chitinophagales","Chitinophagaceae","unidentified","unidentified","Chitinophagaceae"
"X_0353","Bacteria","Bacteroidota","Bacteroidia","Chitinophagales","Chitinophagaceae","Edaphobaculum","unidentified","Edaphobaculum"
"X_0354","Bacteria","Proteobacteria","Alphaproteobacteria","Acetobacterales","Acetobacteraceae","Acidocella","unidentified","Acidocella"
"X_0355","Bacteria","Bacteroidota","Bacteroidia","Bacteroidales","Paludibacteraceae","Paludibacter","unidentified","Paludibacter"
"X_0356","Bacteria","Proteobacteria","Gammaproteobacteria","Burkholderiales","Comamonadaceae","unidentified","unidentified","Comamonadaceae"
"X_0357","Bacteria","Planctomycetota","Phycisphaerae","Tepidisphaerales","CPla-3 termite group","unidentified","unidentified","CPla-3 termite group"
"X_0358","Bacteria","Bacteroidota","Bacteroidia","Chitinophagales","Chitinophagaceae","Edaphobaculum","unidentified","Edaphobaculum"
"X_0359","Bacteria","Proteobacteria","Alphaproteobacteria","Rhizobiales","Rhizobiaceae","Allorhizobium-Neorhizobium-Pararhizobium-Rhizobium","unidentified","Allorhizobium-Neorhizobium-Pararhizobium-Rhizobium"
"X_0360","Bacteria","Proteobacteria","Gammaproteobacteria","Burkholderiales","Chitinibacteraceae","Silvimonas","unidentified","Silvimonas"
"X_0361","Bacteria","Proteobacteria","Alphaproteobacteria","Micropepsales","Micropepsaceae","Micropepsis","unidentified","Micropepsis"
"X_0362","Bacteria","Verrucomicrobiota","Verrucomicrobiae","Methylacidiphilales","Methylacidiphilaceae","unidentified","unidentified","Methylacidiphilaceae"
"X_0363","Bacteria","Proteobacteria","Alphaproteobacteria","Sphingomonadales","Sphingomonadaceae","Novosphingobium","unidentified","Novosphingobium"
"X_0364","Bacteria","Bacteroidota","Bacteroidia","Sphingobacteriales","Sphingobacteriaceae","Mucilaginibacter","yixingensis","yixingensis"
"X_0365","Bacteria","Bacteroidota","Bacteroidia","Chitinophagales","Chitinophagaceae","Chitinophaga","unidentified","Chitinophaga"
"X_0366","Bacteria","Proteobacteria","Alphaproteobacteria","Rhodospirillales","unidentified","unidentified","unidentified","Rhodospirillales"
"X_0367","Bacteria","Proteobacteria","Gammaproteobacteria","Burkholderiales","Oxalobacteraceae","Massilia","unidentified","Massilia"
"X_0368","Bacteria","Bacteroidota","Bacteroidia","Bacteroidales","Bacteroidaceae","Bacteroides","unidentified","Bacteroides"
"X_0369","Bacteria","Proteobacteria","Gammaproteobacteria","Burkholderiales","Oxalobacteraceae","[Aquaspirillum] arcticum group","unidentified","[Aquaspirillum] arcticum group"
"X_0370","Bacteria","Bacteroidota","Bacteroidia","Bacteroidales","Bacteroidaceae","Bacteroides","unidentified","Bacteroides"
"X_0371","Bacteria","Bacteroidota","Bacteroidia","Flavobacteriales","Flavobacteriaceae","Flavobacterium","unidentified","Flavobacterium"
"X_0372","Bacteria","Proteobacteria","Gammaproteobacteria","Pseudomonadales","Pseudomonadaceae","Pseudomonas","unidentified","Pseudomonas"
"X_0373","Bacteria","Proteobacteria","Alphaproteobacteria","Rhodospirillales","Magnetospirillaceae","Telmatospirillum","unidentified","Telmatospirillum"
"X_0374","Bacteria","Bacteroidota","Bacteroidia","Sphingobacteriales","Sphingobacteriaceae","Mucilaginibacter","unidentified","Mucilaginibacter"
"X_0375","Bacteria","Proteobacteria","Alphaproteobacteria","Elsterales","Elsteraceae","Aliidongia","unidentified","Aliidongia"
"X_0376","Bacteria","Actinobacteriota","Actinobacteria","Micrococcales","Cellulomonadaceae","Cellulomonas","unidentified","Cellulomonas"
"X_0377","Bacteria","Proteobacteria","Alphaproteobacteria","Caulobacterales","Caulobacteraceae","Phenylobacterium","unidentified","Phenylobacterium"
"X_0378","Bacteria","Proteobacteria","Alphaproteobacteria","Sphingomonadales","Sphingomonadaceae","Plot4-2H12","unidentified","Plot4-2H12"
"X_0379","Bacteria","Firmicutes","Bacilli","Bacillales","Bacillaceae","Bacillus","unidentified","Bacillus"
"X_0380","Bacteria","Bacteroidota","Bacteroidia","Sphingobacteriales","Sphingobacteriaceae","Mucilaginibacter","unidentified","Mucilaginibacter"
"X_0381","Bacteria","Bacteroidota","Bacteroidia","Chitinophagales","Chitinophagaceae","Heliimonas","unidentified","Heliimonas"
"X_0382","Bacteria","Firmicutes","Bacilli","Paenibacillales","Paenibacillaceae","Paenibacillus","unidentified","Paenibacillus"
"X_0383","Bacteria","Firmicutes","Negativicutes","Veillonellales-Selenomonadales","unidentified","unidentified","unidentified","Veillonellales-Selenomonadales"
"X_0384","Bacteria","Proteobacteria","Gammaproteobacteria","Burkholderiales","Comamonadaceae","Pelomonas","unidentified","Pelomonas"
"X_0385","Bacteria","Proteobacteria","Alphaproteobacteria","Rhodospirillales","Rhodospirillaceae","Haematospirillum","unidentified","Haematospirillum"
"X_0386","Bacteria","Proteobacteria","Gammaproteobacteria","Burkholderiales","Comamonadaceae","Pelomonas","unidentified","Pelomonas"
"X_0387","Bacteria","Proteobacteria","Gammaproteobacteria","Burkholderiales","Oxalobacteraceae","unidentified","unidentified","Oxalobacteraceae"
"X_0388","Bacteria","Bacteroidota","Bacteroidia","Chitinophagales","Chitinophagaceae","Puia","unidentified","Puia"
"X_0389","Bacteria","Firmicutes","Bacilli","Paenibacillales","Paenibacillaceae","Paenibacillus","unidentified","Paenibacillus"
"X_0390","Bacteria","Proteobacteria","Alphaproteobacteria","Rhizobiales","unidentified","unidentified","unidentified","Rhizobiales"
"X_0391","Bacteria","Bacteroidota","Bacteroidia","Cytophagales","Spirosomaceae","Arcicella","aurantiaca","aurantiaca"
"X_0392","Bacteria","Proteobacteria","Gammaproteobacteria","Aeromonadales","Aeromonadaceae","Aeromonas","unidentified","Aeromonas"
"X_0393","Bacteria","Proteobacteria","Gammaproteobacteria","WD260","unidentified","unidentified","unidentified","WD260"
"X_0394","Bacteria","Proteobacteria","Gammaproteobacteria","Burkholderiales","Alcaligenaceae","unidentified","unidentified","Alcaligenaceae"
"X_0395","Bacteria","Proteobacteria","Alphaproteobacteria","Reyranellales","Reyranellaceae","Reyranella","unidentified","Reyranella"
"X_0396","Bacteria","Proteobacteria","Gammaproteobacteria","Burkholderiales","Burkholderiaceae","Burkholderia-Caballeronia-Paraburkholderia","unidentified","Burkholderia-Caballeronia-Paraburkholderia"
"X_0397","Bacteria","Proteobacteria","Alphaproteobacteria","Rickettsiales","Rickettsiaceae","unidentified","unidentified","Rickettsiaceae"
"X_0398","Bacteria","Proteobacteria","Alphaproteobacteria","Rhizobiales","Beijerinckiaceae","Methyloferula","unidentified","Methyloferula"
"X_0399","Bacteria","Proteobacteria","Gammaproteobacteria","Burkholderiales","Rhodocyclaceae","unidentified","unidentified","Rhodocyclaceae"
"X_0400","Bacteria","Proteobacteria","Alphaproteobacteria","Sphingomonadales","Sphingomonadaceae","unidentified","unidentified","Sphingomonadaceae"
"X_0401","Bacteria","Proteobacteria","Alphaproteobacteria","Caulobacterales","Caulobacteraceae","Asticcacaulis","unidentified","Asticcacaulis"
"X_0402","Bacteria","Proteobacteria","Alphaproteobacteria","Rhizobiales","unidentified","unidentified","unidentified","Rhizobiales"
"X_0403","Bacteria","Firmicutes","Clostridia","Oscillospirales","Ruminococcaceae","Caproiciproducens","unidentified","Caproiciproducens"
"X_0404","Bacteria","Proteobacteria","Gammaproteobacteria","Xanthomonadales","Rhodanobacteraceae","Dyella","unidentified","Dyella"
"X_0405","Bacteria","Bacteroidota","Bacteroidia","Bacteroidales","Paludibacteraceae","Paludibacter","unidentified","Paludibacter"
"X_0406","Bacteria","Proteobacteria","Gammaproteobacteria","Burkholderiales","Comamonadaceae","Rhodoferax","unidentified","Rhodoferax"
"X_0407","Bacteria","Acidobacteriota","Acidobacteriae","Acidobacteriales","Acidobacteriaceae (Subgroup 1)","Terracidiphilus","unidentified","Terracidiphilus"
"X_0408","Bacteria","Proteobacteria","Gammaproteobacteria","Burkholderiales","Burkholderiaceae","Burkholderia-Caballeronia-Paraburkholderia","unidentified","Burkholderia-Caballeronia-Paraburkholderia"
"X_0409","Bacteria","Proteobacteria","Alphaproteobacteria","Rhizobiales","Rhizobiaceae","Allorhizobium-Neorhizobium-Pararhizobium-Rhizobium","unidentified","Allorhizobium-Neorhizobium-Pararhizobium-Rhizobium"
"X_0410","Bacteria","Proteobacteria","Gammaproteobacteria","Burkholderiales","Chitinibacteraceae","Chitinibacter","unidentified","Chitinibacter"
"X_0411","Bacteria","Proteobacteria","Gammaproteobacteria","Burkholderiales","Oxalobacteraceae","unidentified","unidentified","Oxalobacteraceae"
"X_0412","Bacteria","Spirochaetota","Spirochaetia","Spirochaetales","Spirochaetaceae","Spirochaeta 2","unidentified","Spirochaeta 2"
"X_0413","Bacteria","Proteobacteria","Alphaproteobacteria","Sphingomonadales","Sphingomonadaceae","Sphingomonas","oligoaromativorans","oligoaromativorans"
"X_0414","Bacteria","Firmicutes","Negativicutes","Veillonellales-Selenomonadales","Sporomusaceae","Pelosinus","unidentified","Pelosinus"
"X_0415","Bacteria","Proteobacteria","Alphaproteobacteria","Caulobacterales","Caulobacteraceae","unidentified","unidentified","Caulobacteraceae"
"X_0416","Bacteria","Acidobacteriota","Acidobacteriae","Acidobacteriales","Acidobacteriaceae (Subgroup 1)","Granulicella","unidentified","Granulicella"
"X_0417","Bacteria","Proteobacteria","Gammaproteobacteria","Xanthomonadales","Xanthomonadaceae","Stenotrophomonas","unidentified","Stenotrophomonas"
"X_0418","Bacteria","Proteobacteria","Alphaproteobacteria","Rhizobiales","Rhizobiaceae","Neorhizobium","unidentified","Neorhizobium"
"X_0419","Bacteria","Proteobacteria","Alphaproteobacteria","Rhizobiales","Xanthobacteraceae","Rhodopseudomonas","unidentified","Rhodopseudomonas"
"X_0420","Bacteria","Proteobacteria","Gammaproteobacteria","Xanthomonadales","Rhodanobacteraceae","Dyella","unidentified","Dyella"
"X_0421","Bacteria","Spirochaetota","Spirochaetia","Spirochaetales","Spirochaetaceae","Treponema","unidentified","Treponema"
"X_0422","Bacteria","Proteobacteria","Gammaproteobacteria","Burkholderiales","Comamonadaceae","unidentified","unidentified","Comamonadaceae"
"X_0423","Bacteria","Proteobacteria","Alphaproteobacteria","Rhizobiales","Rhizobiaceae","Allorhizobium-Neorhizobium-Pararhizobium-Rhizobium","unidentified","Allorhizobium-Neorhizobium-Pararhizobium-Rhizobium"
"X_0424","Bacteria","Proteobacteria","Alphaproteobacteria","Rhizobiales","Beijerinckiaceae","Bosea","thiooxidans","thiooxidans"
"X_0425","Bacteria","Bacteroidota","Bacteroidia","Chitinophagales","Chitinophagaceae","unidentified","unidentified","Chitinophagaceae"
"X_0426","Bacteria","Proteobacteria","Alphaproteobacteria","Acetobacterales","Acetobacteraceae","Rhodovastum","unidentified","Rhodovastum"
"X_0427","Bacteria","Acidobacteriota","Acidobacteriae","Acidobacteriales","Acidobacteriaceae (Subgroup 1)","Occallatibacter","unidentified","Occallatibacter"
"X_0428","Bacteria","Firmicutes","Clostridia","Clostridiales","Clostridiaceae","unidentified","unidentified","Clostridiaceae"
"X_0429","Bacteria","Proteobacteria","Alphaproteobacteria","Sphingomonadales","Sphingomonadaceae","Sphingomonas","polyaromaticivorans","polyaromaticivorans"
"X_0430","Bacteria","Verrucomicrobiota","Verrucomicrobiae","Pedosphaerales","Pedosphaeraceae","unidentified","unidentified","Pedosphaeraceae"
"X_0431","Bacteria","Proteobacteria","Gammaproteobacteria","Enterobacterales","Yersiniaceae","Rahnella","unidentified","Rahnella"
"X_0432","Bacteria","Bacteroidota","Bacteroidia","Bacteroidales","Paludibacteraceae","Paludibacter","unidentified","Paludibacter"
"X_0433","Bacteria","Acidobacteriota","Acidobacteriae","Acidobacteriales","Acidobacteriaceae (Subgroup 1)","Bryocella","unidentified","Bryocella"
"X_0434","Bacteria","Firmicutes","Bacilli","Paenibacillales","Paenibacillaceae","Paenibacillus","unidentified","Paenibacillus"
"X_0435","Bacteria","Bacteroidota","Bacteroidia","Chitinophagales","Chitinophagaceae","Puia","unidentified","Puia"
"X_0436","Bacteria","Desulfobacterota","Desulfovibrionia","Desulfovibrionales","Desulfovibrionaceae","Desulfovibrio","unidentified","Desulfovibrio"
"X_0437","Bacteria","Proteobacteria","Alphaproteobacteria","Rhizobiales","Rhizobiales Incertae Sedis","Phreatobacter","unidentified","Phreatobacter"
"X_0438","Bacteria","Proteobacteria","Gammaproteobacteria","Burkholderiales","Comamonadaceae","unidentified","unidentified","Comamonadaceae"
"X_0439","Bacteria","Bacteroidota","Bacteroidia","Sphingobacteriales","Sphingobacteriaceae","Mucilaginibacter","unidentified","Mucilaginibacter"
"X_0440","Bacteria","Bacteroidota","Bacteroidia","Flavobacteriales","Flavobacteriaceae","Flavobacterium","unidentified","Flavobacterium"
"X_0441","Bacteria","Actinobacteriota","Actinobacteria","Streptomycetales","Streptomycetaceae","Kitasatospora","unidentified","Kitasatospora"
"X_0442","Bacteria","Firmicutes","Bacilli","Lactobacillales","Streptococcaceae","Lactococcus","unidentified","Lactococcus"
"X_0443","Bacteria","Proteobacteria","Gammaproteobacteria","Burkholderiales","Comamonadaceae","Aquabacterium","parvum","parvum"
"X_0444","Bacteria","Proteobacteria","Gammaproteobacteria","Burkholderiales","Rhodocyclaceae","Uliginosibacterium","unidentified","Uliginosibacterium"
"X_0445","Bacteria","Bacteroidota","Bacteroidia","Chitinophagales","Chitinophagaceae","Puia","unidentified","Puia"
"X_0446","Bacteria","Proteobacteria","Alphaproteobacteria","Sphingomonadales","Sphingomonadaceae","Sphingomonas","unidentified","Sphingomonas"
"X_0447","Bacteria","Proteobacteria","Gammaproteobacteria","Burkholderiales","Burkholderiaceae","Burkholderia-Caballeronia-Paraburkholderia","unidentified","Burkholderia-Caballeronia-Paraburkholderia"
"X_0448","Bacteria","Bacteroidota","Bacteroidia","Sphingobacteriales","Sphingobacteriaceae","Mucilaginibacter","unidentified","Mucilaginibacter"
"X_0449","Bacteria","Firmicutes","Bacilli","Paenibacillales","Paenibacillaceae","Paenibacillus","unidentified","Paenibacillus"
"X_0450","Bacteria","Proteobacteria","Alphaproteobacteria","Sphingomonadales","Sphingomonadaceae","Novosphingobium","unidentified","Novosphingobium"
"X_0451","Bacteria","Proteobacteria","Gammaproteobacteria","Xanthomonadales","Xanthomonadaceae","unidentified","unidentified","Xanthomonadaceae"
"X_0452","Bacteria","Proteobacteria","Alphaproteobacteria","Caulobacterales","Caulobacteraceae","unidentified","unidentified","Caulobacteraceae"
"X_0453","Bacteria","Actinobacteriota","Actinobacteria","Micrococcales","Cellulomonadaceae","unidentified","unidentified","Cellulomonadaceae"
"X_0454","Bacteria","Proteobacteria","Alphaproteobacteria","Reyranellales","Reyranellaceae","Reyranella","aquatilis","aquatilis"
"X_0455","Bacteria","Proteobacteria","Alphaproteobacteria","Sphingomonadales","Sphingomonadaceae","Sphingomonas","unidentified","Sphingomonas"
"X_0456","Bacteria","Proteobacteria","Alphaproteobacteria","Sphingomonadales","Sphingomonadaceae","Sphingomonas","unidentified","Sphingomonas"
"X_0457","Bacteria","Proteobacteria","Gammaproteobacteria","Enterobacterales","Pectobacteriaceae","unidentified","unidentified","Pectobacteriaceae"
"X_0458","Bacteria","Bacteroidota","Bacteroidia","Chitinophagales","Chitinophagaceae","Edaphobaculum","unidentified","Edaphobaculum"
"X_0459","Bacteria","Proteobacteria","Gammaproteobacteria","Burkholderiales","Rhodocyclaceae","Propionivibrio","unidentified","Propionivibrio"
"X_0460","Bacteria","Bdellovibrionota","Bdellovibrionia","Bdellovibrionales","Bdellovibrionaceae","Bdellovibrio","unidentified","Bdellovibrio"
"X_0461","Bacteria","Firmicutes","Clostridia","Oscillospirales","Ruminococcaceae","Caproiciproducens","unidentified","Caproiciproducens"
"X_0462","Bacteria","Firmicutes","Bacilli","Lactobacillales","Streptococcaceae","Lactococcus","unidentified","Lactococcus"
"X_0463","Bacteria","Proteobacteria","Gammaproteobacteria","Burkholderiales","Burkholderiaceae","Burkholderia-Caballeronia-Paraburkholderia","unidentified","Burkholderia-Caballeronia-Paraburkholderia"
"X_0464","Bacteria","Proteobacteria","Gammaproteobacteria","Burkholderiales","Oxalobacteraceae","Massilia","unidentified","Massilia"
"X_0465","Bacteria","Proteobacteria","Alphaproteobacteria","Azospirillales","Azospirillaceae","Azospirillum","picis","picis"
"X_0466","Bacteria","Proteobacteria","Gammaproteobacteria","Burkholderiales","Oxalobacteraceae","Herbaspirillum","rhizosphaerae","rhizosphaerae"
"X_0467","Bacteria","Proteobacteria","Gammaproteobacteria","unidentified","unidentified","unidentified","unidentified","Gammaproteobacteria"
"X_0468","Bacteria","Firmicutes","Clostridia","Peptostreptococcales-Tissierellales","Peptostreptococcaceae","Asaccharospora","unidentified","Asaccharospora"
"X_0469","Bacteria","Myxococcota","Polyangia","Polyangiales","Polyangiaceae","Labilithrix","unidentified","Labilithrix"
"X_0470","Bacteria","Bacteroidota","Bacteroidia","Sphingobacteriales","Sphingobacteriaceae","Mucilaginibacter","unidentified","Mucilaginibacter"
"X_0471","Bacteria","Proteobacteria","Alphaproteobacteria","Acetobacterales","Acetobacteraceae","Rhodovastum","unidentified","Rhodovastum"
"X_0472","Bacteria","Bacteroidota","Bacteroidia","Chitinophagales","Chitinophagaceae","Puia","unidentified","Puia"
"X_0473","Bacteria","Verrucomicrobiota","Verrucomicrobiae","Opitutales","Opitutaceae","Lacunisphaera","unidentified","Lacunisphaera"
"X_0474","Bacteria","Proteobacteria","Gammaproteobacteria","Xanthomonadales","Rhodanobacteraceae","Rudaea","unidentified","Rudaea"
"X_0475","Bacteria","Bacteroidota","Bacteroidia","Sphingobacteriales","Sphingobacteriaceae","Mucilaginibacter","unidentified","Mucilaginibacter"
"X_0476","Bacteria","Proteobacteria","Alphaproteobacteria","Caulobacterales","Caulobacteraceae","Caulobacter","unidentified","Caulobacter"
"X_0477","Bacteria","Acidobacteriota","Acidobacteriae","Acidobacteriales","Acidobacteriaceae (Subgroup 1)","Granulicella","unidentified","Granulicella"
"X_0478","Bacteria","Proteobacteria","Alphaproteobacteria","Rhizobiales","Xanthobacteraceae","Bradyrhizobium","unidentified","Bradyrhizobium"
"X_0479","Bacteria","Firmicutes","Bacilli","Paenibacillales","Paenibacillaceae","Paenibacillus","pectinilyticus","pectinilyticus"
"X_0480","Bacteria","Proteobacteria","Alphaproteobacteria","Rhizobiales","Pleomorphomonadaceae","unidentified","unidentified","Pleomorphomonadaceae"
"X_0481","Bacteria","Proteobacteria","Alphaproteobacteria","Acetobacterales","Acetobacteraceae","Rhodovastum","unidentified","Rhodovastum"
"X_0482","Bacteria","Proteobacteria","Alphaproteobacteria","Rhizobiales","Xanthobacteraceae","Tardiphaga","robiniae","robiniae"
"X_0483","Bacteria","Desulfobacterota","Desulfovibrionia","Desulfovibrionales","Desulfovibrionaceae","Desulfovibrio","unidentified","Desulfovibrio"
"X_0484","Bacteria","Bacteroidota","Bacteroidia","Chitinophagales","Chitinophagaceae","Filimonas","lacunae","lacunae"
"X_0485","Bacteria","Proteobacteria","Gammaproteobacteria","Burkholderiales","Oxalobacteraceae","unidentified","unidentified","Oxalobacteraceae"
"X_0486","Bacteria","Proteobacteria","Gammaproteobacteria","Xanthomonadales","Xanthomonadaceae","Stenotrophomonas","unidentified","Stenotrophomonas"
"X_0487","Bacteria","Bacteroidota","Bacteroidia","Chitinophagales","Chitinophagaceae","Puia","unidentified","Puia"
"X_0488","Bacteria","Bacteroidota","Bacteroidia","Chitinophagales","Chitinophagaceae","Edaphobaculum","unidentified","Edaphobaculum"
"X_0489","Bacteria","Firmicutes","Clostridia","Lachnospirales","Lachnospiraceae","unidentified","unidentified","Lachnospiraceae"
"X_0490","Bacteria","Firmicutes","Clostridia","Clostridiales","Clostridiaceae","Clostridium sensu stricto 7","unidentified","Clostridium sensu stricto 7"
"X_0491","Bacteria","Proteobacteria","Alphaproteobacteria","Caulobacterales","Caulobacteraceae","Asticcacaulis","unidentified","Asticcacaulis"
"X_0492","Bacteria","Acidobacteriota","Acidobacteriae","Acidobacteriales","Acidobacteriaceae (Subgroup 1)","unidentified","unidentified","Acidobacteriaceae (Subgroup 1)"
"X_0493","Bacteria","Firmicutes","Negativicutes","Veillonellales-Selenomonadales","Sporomusaceae","Pelosinus","unidentified","Pelosinus"
"X_0494","Bacteria","Acidobacteriota","Acidobacteriae","Acidobacteriales","Acidobacteriaceae (Subgroup 1)","unidentified","unidentified","Acidobacteriaceae (Subgroup 1)"
"X_0495","Bacteria","Bacteroidota","Bacteroidia","Sphingobacteriales","Sphingobacteriaceae","Mucilaginibacter","unidentified","Mucilaginibacter"
"X_0496","Bacteria","Firmicutes","Bacilli","Alicyclobacillales","Alicyclobacillaceae","Tumebacillus","unidentified","Tumebacillus"
"X_0497","Bacteria","Proteobacteria","Alphaproteobacteria","unidentified","unidentified","unidentified","unidentified","Alphaproteobacteria"
"X_0498","Bacteria","Proteobacteria","Gammaproteobacteria","Gammaproteobacteria Incertae Sedis","Unknown Family","Acidibacter","unidentified","Acidibacter"
"X_0499","Bacteria","Firmicutes","Clostridia","Clostridiales","Clostridiaceae","Clostridium sensu stricto 11","unidentified","Clostridium sensu stricto 11"
"X_0500","Bacteria","Proteobacteria","Gammaproteobacteria","Burkholderiales","Oxalobacteraceae","Rugamonas","unidentified","Rugamonas"
"X_0501","Bacteria","Proteobacteria","Alphaproteobacteria","Sphingomonadales","Sphingomonadaceae","Sphingomonas","unidentified","Sphingomonas"
"X_0502","Bacteria","Proteobacteria","Alphaproteobacteria","Rhodospirillales","Magnetospirillaceae","unidentified","unidentified","Magnetospirillaceae"
"X_0503","Bacteria","Firmicutes","Bacilli","Lactobacillales","Streptococcaceae","Lactococcus","lactis","lactis"
"X_0504","Bacteria","Firmicutes","Bacilli","Paenibacillales","Paenibacillaceae","Paenibacillus","unidentified","Paenibacillus"
"X_0505","Bacteria","Proteobacteria","Alphaproteobacteria","Acetobacterales","Acetobacteraceae","Acidocella","unidentified","Acidocella"
"X_0506","Bacteria","Acidobacteriota","Acidobacteriae","Acidobacteriales","Acidobacteriaceae (Subgroup 1)","Acidipila","unidentified","Acidipila"
"X_0507","Bacteria","Firmicutes","Clostridia","Lachnospirales","Lachnospiraceae","unidentified","unidentified","Lachnospiraceae"
"X_0508","Bacteria","Proteobacteria","Gammaproteobacteria","Xanthomonadales","Xanthomonadaceae","Stenotrophomonas","unidentified","Stenotrophomonas"
"X_0509","Bacteria","Proteobacteria","Gammaproteobacteria","Pseudomonadales","Pseudomonadaceae","Pseudomonas","unidentified","Pseudomonas"
"X_0510","Bacteria","Firmicutes","Bacilli","Lactobacillales","Streptococcaceae","Lactococcus","unidentified","Lactococcus"
"X_0511","Bacteria","Firmicutes","Negativicutes","Veillonellales-Selenomonadales","Sporomusaceae","Pelosinus","unidentified","Pelosinus"
"X_0512","Bacteria","Firmicutes","Bacilli","Lactobacillales","Streptococcaceae","Lactococcus","unidentified","Lactococcus"
"X_0513","Bacteria","Firmicutes","Bacilli","Paenibacillales","Paenibacillaceae","Paenibacillus","unidentified","Paenibacillus"
"X_0514","Bacteria","Proteobacteria","Gammaproteobacteria","Pseudomonadales","Pseudomonadaceae","Pseudomonas","unidentified","Pseudomonas"
"X_0515","Bacteria","Bacteroidota","Bacteroidia","Bacteroidales","Paludibacteraceae","Microbacter","unidentified","Microbacter"
"X_0516","Bacteria","Firmicutes","Bacilli","Paenibacillales","Paenibacillaceae","Paenibacillus","unidentified","Paenibacillus"
"X_0517","Bacteria","Firmicutes","Bacilli","Lactobacillales","Streptococcaceae","Lactococcus","unidentified","Lactococcus"
"X_0518","Bacteria","Bacteroidota","Bacteroidia","Sphingobacteriales","Sphingobacteriaceae","Mucilaginibacter","unidentified","Mucilaginibacter"
"X_0519","Bacteria","Proteobacteria","Gammaproteobacteria","Xanthomonadales","Xanthomonadaceae","Stenotrophomonas","unidentified","Stenotrophomonas"
"X_0520","Bacteria","Proteobacteria","Alphaproteobacteria","Rhizobiales","Rhizobiaceae","unidentified","unidentified","Rhizobiaceae"
"X_0521","Bacteria","Proteobacteria","Alphaproteobacteria","Acetobacterales","Acetobacteraceae","Acidocella","unidentified","Acidocella"
"X_0522","Bacteria","Proteobacteria","Alphaproteobacteria","Sphingomonadales","Sphingomonadaceae","Sphingomonas","unidentified","Sphingomonas"
"X_0523","Bacteria","Proteobacteria","Gammaproteobacteria","Salinisphaerales","Solimonadaceae","Nevskia","unidentified","Nevskia"
"X_0524","Bacteria","Proteobacteria","Gammaproteobacteria","Burkholderiales","Sutterellaceae","AAP99","unidentified","AAP99"
"X_0525","Bacteria","Proteobacteria","Alphaproteobacteria","Rhizobiales","Rhizobiaceae","Allorhizobium-Neorhizobium-Pararhizobium-Rhizobium","unidentified","Allorhizobium-Neorhizobium-Pararhizobium-Rhizobium"
"X_0526","Bacteria","Firmicutes","Bacilli","Lactobacillales","Streptococcaceae","Lactococcus","unidentified","Lactococcus"
"X_0527","Bacteria","Proteobacteria","Gammaproteobacteria","Burkholderiales","Comamonadaceae","Rhodoferax","saidenbachensis","saidenbachensis"
"X_0528","Bacteria","Firmicutes","Clostridia","Lachnospirales","Lachnospiraceae","Anaerosporobacter","unidentified","Anaerosporobacter"
"X_0529","Bacteria","Bacteroidota","Bacteroidia","Flavobacteriales","Flavobacteriaceae","Flavobacterium","unidentified","Flavobacterium"
"X_0530","Bacteria","Proteobacteria","Gammaproteobacteria","Pseudomonadales","Pseudomonadaceae","Pseudomonas","unidentified","Pseudomonas"
"X_0531","Bacteria","Proteobacteria","Gammaproteobacteria","Burkholderiales","Chromobacteriaceae","Paludibacterium","unidentified","Paludibacterium"
"X_0532","Bacteria","Firmicutes","Clostridia","Hungateiclostridiaceae","Ruminiclostridium","unidentified","unidentified","Ruminiclostridium"
"X_0533","Bacteria","Proteobacteria","Alphaproteobacteria","Caulobacterales","Caulobacteraceae","Phenylobacterium","unidentified","Phenylobacterium"
"X_0534","Bacteria","Proteobacteria","Alphaproteobacteria","Rhizobiales","Rhizobiales Incertae Sedis","unidentified","unidentified","Rhizobiales Incertae Sedis"
"X_0535","Bacteria","Verrucomicrobiota","Verrucomicrobiae","Pedosphaerales","Pedosphaeraceae","unidentified","unidentified","Pedosphaeraceae"
"X_0536","Bacteria","Firmicutes","Bacilli","Lactobacillales","Streptococcaceae","Lactococcus","unidentified","Lactococcus"
"X_0537","Bacteria","Proteobacteria","Alphaproteobacteria","Rhizobiales","Labraceae","Labrys","unidentified","Labrys"
"X_0538","Bacteria","Armatimonadota","Fimbriimonadia","Fimbriimonadales","Fimbriimonadaceae","unidentified","unidentified","Fimbriimonadaceae"
"X_0539","Bacteria","Verrucomicrobiota","Verrucomicrobiae","Opitutales","Opitutaceae","Lacunisphaera","unidentified","Lacunisphaera"
"X_0540","Bacteria","Proteobacteria","Alphaproteobacteria","Caulobacterales","Caulobacteraceae","Caulobacter","unidentified","Caulobacter"
"X_0541","Bacteria","Verrucomicrobiota","Verrucomicrobiae","Opitutales","Opitutaceae","unidentified","unidentified","Opitutaceae"
"X_0542","Bacteria","Proteobacteria","Gammaproteobacteria","Gammaproteobacteria Incertae Sedis","Unknown Family","Acidibacter","unidentified","Acidibacter"
"X_0543","Bacteria","Firmicutes","Bacilli","Lactobacillales","Streptococcaceae","Lactococcus","unidentified","Lactococcus"
"X_0544","Bacteria","Firmicutes","Bacilli","Lactobacillales","Streptococcaceae","Lactococcus","unidentified","Lactococcus"
"X_0545","Bacteria","Proteobacteria","Alphaproteobacteria","Rhizobiales","Xanthobacteraceae","unidentified","unidentified","Xanthobacteraceae"
"X_0546","Bacteria","Bdellovibrionota","Oligoflexia","0319-6G20","unidentified","unidentified","unidentified","0319-6G20"
"X_0547","Bacteria","Firmicutes","Bacilli","Lactobacillales","Streptococcaceae","Lactococcus","lactis","lactis"
"X_0548","Bacteria","Proteobacteria","Alphaproteobacteria","Acetobacterales","Acetobacteraceae","unidentified","unidentified","Acetobacteraceae"
"X_0549","Bacteria","Actinobacteriota","Actinobacteria","Frankiales","Frankiaceae","Jatrophihabitans","unidentified","Jatrophihabitans"
"X_0550","Bacteria","Proteobacteria","Alphaproteobacteria","Rhizobiales","Beijerinckiaceae","1174-901-12","unidentified","1174-901-12"
"X_0551","Bacteria","Proteobacteria","Gammaproteobacteria","Xanthomonadales","Xanthomonadaceae","Stenotrophomonas","unidentified","Stenotrophomonas"
"X_0552","Bacteria","Proteobacteria","Gammaproteobacteria","Burkholderiales","Oxalobacteraceae","[Aquaspirillum] arcticum group","unidentified","[Aquaspirillum] arcticum group"
"X_0553","Bacteria","Proteobacteria","Alphaproteobacteria","Sphingomonadales","Sphingomonadaceae","Sphingobium","unidentified","Sphingobium"
"X_0554","Bacteria","Bacteroidota","Bacteroidia","Sphingobacteriales","Sphingobacteriaceae","Mucilaginibacter","unidentified","Mucilaginibacter"
"X_0555","Bacteria","Firmicutes","Bacilli","Lactobacillales","Streptococcaceae","Lactococcus","unidentified","Lactococcus"
"X_0556","Bacteria","Myxococcota","Polyangia","Polyangiales","Polyangiaceae","Minicystis","unidentified","Minicystis"
"X_0557","Bacteria","Proteobacteria","Alphaproteobacteria","Sphingomonadales","Sphingomonadaceae","Plot4-2H12","unidentified","Plot4-2H12"
"X_0558","Bacteria","Bacteroidota","Bacteroidia","Chitinophagales","37-13","unidentified","unidentified","37-13"
"X_0559","Bacteria","Proteobacteria","Gammaproteobacteria","Salinisphaerales","Solimonadaceae","Nevskia","unidentified","Nevskia"
"X_0560","Bacteria","unidentified","unidentified","unidentified","unidentified","unidentified","unidentified","Bacteria"
"X_0561","Bacteria","Proteobacteria","Gammaproteobacteria","unidentified","unidentified","unidentified","unidentified","Gammaproteobacteria"
"X_0562","Bacteria","Proteobacteria","Alphaproteobacteria","Acetobacterales","Acetobacteraceae","unidentified","unidentified","Acetobacteraceae"
"X_0563","Bacteria","Proteobacteria","Gammaproteobacteria","Enterobacterales","unidentified","unidentified","unidentified","Enterobacterales"
"X_0564","Bacteria","Firmicutes","Clostridia","Peptostreptococcales-Tissierellales","Peptostreptococcaceae","Clostridioides","mangenotii","mangenotii"
"X_0565","Bacteria","Firmicutes","Bacilli","Lactobacillales","Enterococcaceae","Enterococcus","unidentified","Enterococcus"
